[
    {
        "subject": 293,
        "trial": 2,
        "f": 475,
        "d": 74,
        "a": 50,
        "c": 49,
        "e": 30,
        "b": 8,
        "None": 650,
        "error": 36,
        "a_None": 39,
        "a_error": 11,
        "b_None": 6,
        "b_error": 2,
        "c_None": 46,
        "c_error": 3,
        "d_None": 62,
        "d_error": 12,
        "e_None": 29,
        "e_error": 1,
        "f_None": 468,
        "f_error": 7
    },
    {
        "subject": 293,
        "trial": 11,
        "c": 266,
        "b": 106,
        "d": 62,
        "a": 38,
        "e": 37,
        "f": 29,
        "None": 521,
        "error": 17,
        "a_None": 38,
        "b_None": 104,
        "b_error": 2,
        "c_None": 263,
        "c_error": 3,
        "d_None": 56,
        "d_error": 6,
        "e_None": 31,
        "e_error": 6,
        "f_None": 29
    },
    {
        "subject": 293,
        "trial": 13,
        "a": 23,
        "b": 10,
        "d": 8,
        "c": 4,
        "e": 1,
        "None": 41,
        "error": 5,
        "a_None": 20,
        "a_error": 3,
        "b_None": 8,
        "b_error": 2,
        "c_None": 4,
        "d_None": 8,
        "e_None": 1
    },
    {
        "subject": 293,
        "trial": 16,
        "c": 234,
        "b": 169,
        "d": 60,
        "a": 46,
        "e": 36,
        "f": 26,
        "None": 548,
        "error": 23,
        "a_None": 39,
        "a_error": 7,
        "b_None": 167,
        "b_error": 2,
        "c_None": 230,
        "c_error": 4,
        "d_None": 57,
        "d_error": 3,
        "e_None": 30,
        "e_error": 6,
        "f_None": 25,
        "f_error": 1
    },
    {
        "subject": 293,
        "trial": 19,
        "b": 224,
        "c": 104,
        "d": 74,
        "a": 44,
        "e": 32,
        "f": 17,
        "None": 479,
        "error": 16,
        "a_None": 41,
        "a_error": 3,
        "b_None": 222,
        "b_error": 2,
        "c_None": 102,
        "c_error": 2,
        "d_None": 70,
        "d_error": 4,
        "e_None": 30,
        "e_error": 2,
        "f_None": 14,
        "f_error": 3
    },
    {
        "subject": 293,
        "trial": 27,
        "b": 85,
        "c": 77,
        "d": 63,
        "a": 43,
        "e": 40,
        "f": 27,
        "None": 326,
        "error": 9,
        "a_None": 40,
        "a_error": 3,
        "b_None": 85,
        "c_None": 73,
        "c_error": 4,
        "d_None": 61,
        "d_error": 2,
        "e_None": 40,
        "f_None": 27
    },
    {
        "subject": 293,
        "trial": 33,
        "c": 82,
        "b": 81,
        "d": 69,
        "a": 39,
        "f": 25,
        "e": 24,
        "None": 316,
        "error": 4,
        "a_None": 39,
        "b_None": 78,
        "b_error": 3,
        "c_None": 82,
        "d_None": 68,
        "d_error": 1,
        "e_None": 24,
        "f_None": 25
    },
    {
        "subject": 4352,
        "trial": 2,
        "b": 265,
        "c": 249,
        "d": 76,
        "a": 37,
        "e": 1,
        "None": 594,
        "error": 34,
        "a_None": 37,
        "b_None": 261,
        "b_error": 4,
        "c_None": 230,
        "c_error": 19,
        "d_None": 65,
        "d_error": 11,
        "e_None": 1
    },
    {
        "subject": 4352,
        "trial": 4,
        "b": 158,
        "c": 91,
        "d": 51,
        "a": 31,
        "f": 27,
        "None": 314,
        "error": 44,
        "a_None": 26,
        "a_error": 5,
        "b_None": 150,
        "b_error": 8,
        "c_None": 64,
        "c_error": 27,
        "d_None": 49,
        "d_error": 2,
        "f_None": 25,
        "f_error": 2
    },
    {
        "subject": 4352,
        "trial": 8,
        "d": 44,
        "b": 19,
        "c": 6,
        "a": 6,
        "e": 1,
        "None": 61,
        "error": 15,
        "a_None": 5,
        "a_error": 1,
        "b_None": 12,
        "b_error": 7,
        "c_None": 6,
        "d_None": 37,
        "d_error": 7,
        "e_None": 1
    },
    {
        "subject": 4352,
        "trial": 20,
        "c": 364,
        "b": 84,
        "a": 41,
        "f": 24,
        "None": 449,
        "error": 64,
        "a_None": 31,
        "a_error": 10,
        "b_None": 82,
        "b_error": 2,
        "c_None": 313,
        "c_error": 51,
        "f_None": 23,
        "f_error": 1
    },
    {
        "subject": 5482,
        "trial": 2,
        "c": 162,
        "b": 111,
        "a": 103,
        "d": 91,
        "e": 29,
        "f": 23,
        "None": 488,
        "error": 31,
        "a_None": 95,
        "a_error": 8,
        "b_None": 111,
        "c_None": 153,
        "c_error": 9,
        "d_None": 78,
        "d_error": 13,
        "e_None": 28,
        "e_error": 1,
        "f_None": 23
    },
    {
        "subject": 7921,
        "trial": 2,
        "c": 159,
        "e": 70,
        "d": 59,
        "f": 23,
        "a": 21,
        "None": 314,
        "error": 18,
        "a_None": 20,
        "a_error": 1,
        "c_None": 155,
        "c_error": 4,
        "d_None": 46,
        "d_error": 13,
        "e_None": 70,
        "f_None": 23
    },
    {
        "subject": 7921,
        "trial": 6,
        "b": 153,
        "c": 104,
        "d": 69,
        "a": 44,
        "f": 23,
        "e": 10,
        "None": 403,
        "a_None": 44,
        "b_None": 153,
        "c_None": 104,
        "d_None": 69,
        "e_None": 10,
        "f_None": 23
    },
    {
        "subject": 7921,
        "trial": 8,
        "d": 43,
        "a": 18,
        "c": 6,
        "b": 6,
        "e": 1,
        "None": 70,
        "error": 4,
        "a_None": 18,
        "b_None": 6,
        "c_None": 6,
        "d_None": 39,
        "d_error": 4,
        "e_None": 1
    },
    {
        "subject": 7921,
        "trial": 15,
        "b": 167,
        "d": 146,
        "c": 66,
        "a": 43,
        "e": 28,
        "f": 23,
        "1": 10,
        "None": 479,
        "error": 4,
        "1_None": 10,
        "a_None": 43,
        "b_None": 167,
        "c_None": 66,
        "d_None": 142,
        "d_error": 4,
        "e_None": 28,
        "f_None": 23
    },
    {
        "subject": 7921,
        "trial": 17,
        "b": 187,
        "c": 99,
        "d": 67,
        "a": 43,
        "f": 27,
        "e": 24,
        "None": 441,
        "error": 6,
        "a_None": 43,
        "b_None": 183,
        "b_error": 4,
        "c_None": 99,
        "d_None": 65,
        "d_error": 2,
        "e_None": 24,
        "f_None": 27
    },
    {
        "subject": 7921,
        "trial": 20,
        "c": 372,
        "b": 198,
        "a": 89,
        "d": 71,
        "e": 32,
        "f": 23,
        "2": 14,
        "None": 796,
        "error": 3,
        "2_None": 14,
        "a_None": 89,
        "b_None": 198,
        "c_None": 369,
        "c_error": 3,
        "d_None": 71,
        "e_None": 32,
        "f_None": 23
    },
    {
        "subject": 7921,
        "trial": 24,
        "c": 93,
        "b": 87,
        "d": 76,
        "a": 51,
        "e": 23,
        "f": 22,
        "None": 347,
        "error": 5,
        "a_None": 50,
        "a_error": 1,
        "b_None": 87,
        "c_None": 93,
        "d_None": 72,
        "d_error": 4,
        "e_None": 23,
        "f_None": 22
    },
    {
        "subject": 8101,
        "trial": 2,
        "c": 167,
        "b": 134,
        "a": 59,
        "d": 42,
        "f": 27,
        "e": 10,
        "None": 427,
        "error": 12,
        "a_None": 48,
        "a_error": 11,
        "b_None": 134,
        "c_None": 167,
        "d_None": 41,
        "d_error": 1,
        "e_None": 10,
        "f_None": 27
    },
    {
        "subject": 8101,
        "trial": 7,
        "b": 176,
        "c": 138,
        "d": 69,
        "a": 51,
        "f": 30,
        "e": 9,
        "None": 467,
        "error": 6,
        "a_None": 51,
        "b_None": 176,
        "c_None": 138,
        "d_None": 65,
        "d_error": 4,
        "e_None": 9,
        "f_None": 28,
        "f_error": 2
    },
    {
        "subject": 8101,
        "trial": 12,
        "c": 608,
        "b": 212,
        "e": 84,
        "1": 73,
        "f": 43,
        "a": 41,
        "d": 28,
        "?": 1,
        "None": 1088,
        "error": 2,
        "1_None": 73,
        "?_error": 1,
        "a_None": 41,
        "b_None": 212,
        "c_None": 608,
        "d_None": 27,
        "d_error": 1,
        "e_None": 84,
        "f_None": 43
    },
    {
        "subject": 8101,
        "trial": 13,
        "d": 39,
        "a": 21,
        "b": 10,
        "c": 6,
        "e": 1,
        "None": 77,
        "a_None": 21,
        "b_None": 10,
        "c_None": 6,
        "d_None": 39,
        "e_None": 1
    },
    {
        "subject": 8101,
        "trial": 16,
        "b": 156,
        "c": 124,
        "a": 73,
        "d": 58,
        "*": 55,
        "f": 27,
        "?": 9,
        "e": 1,
        "None": 499,
        "error": 4,
        "*_None": 55,
        "?_None": 7,
        "?_error": 2,
        "a_None": 73,
        "b_None": 156,
        "c_None": 124,
        "d_None": 57,
        "d_error": 1,
        "e_None": 1,
        "f_None": 26,
        "f_error": 1
    },
    {
        "subject": 8101,
        "trial": 31,
        "c": 232,
        "b": 178,
        "d": 89,
        "a": 56,
        "f": 27,
        "e": 1,
        "None": 578,
        "error": 5,
        "a_None": 56,
        "b_None": 178,
        "c_None": 228,
        "c_error": 4,
        "d_None": 88,
        "d_error": 1,
        "e_None": 1,
        "f_None": 27
    },
    {
        "subject": 8708,
        "trial": 2,
        "d": 159,
        "b": 124,
        "c": 96,
        "a": 71,
        "f": 43,
        "e": 33,
        "None": 405,
        "error": 121,
        "a_None": 60,
        "a_error": 11,
        "b_None": 121,
        "b_error": 3,
        "c_None": 92,
        "c_error": 4,
        "d_None": 83,
        "d_error": 76,
        "e_None": 24,
        "e_error": 9,
        "f_None": 25,
        "f_error": 18
    },
    {
        "subject": 8708,
        "trial": 4,
        "c": 63,
        "b": 26,
        "a": 3,
        "d": 3,
        "None": 95,
        "a_None": 3,
        "b_None": 26,
        "c_None": 63,
        "d_None": 3
    },
    {
        "subject": 8708,
        "trial": 20,
        "a": 106,
        "c": 96,
        "d": 66,
        "1": 60,
        "b": 37,
        "2": 28,
        "f": 21,
        "e": 17,
        "None": 384,
        "error": 47,
        "1_None": 60,
        "2_None": 28,
        "a_None": 80,
        "a_error": 26,
        "b_None": 35,
        "b_error": 2,
        "c_None": 84,
        "c_error": 12,
        "d_None": 66,
        "e_None": 10,
        "e_error": 7,
        "f_None": 21
    },
    {
        "subject": 9636,
        "trial": 2,
        "c": 323,
        "a": 133,
        "b": 101,
        "d": 79,
        "e": 33,
        "f": 4,
        "None": 575,
        "error": 98,
        "a_None": 103,
        "a_error": 30,
        "b_None": 101,
        "c_None": 307,
        "c_error": 16,
        "d_None": 54,
        "d_error": 25,
        "e_error": 27,
        "e_None": 6,
        "f_None": 4
    },
    {
        "subject": 9636,
        "trial": 3,
        "c": 223,
        "b": 112,
        "a": 104,
        "d": 87,
        "f": 29,
        "e": 11,
        "v": 9,
        "?": 1,
        "None": 533,
        "error": 43,
        "?_None": 1,
        "a_None": 92,
        "a_error": 12,
        "b_None": 108,
        "b_error": 4,
        "c_None": 221,
        "c_error": 2,
        "d_None": 79,
        "d_error": 8,
        "e_None": 7,
        "e_error": 4,
        "f_None": 20,
        "f_error": 9,
        "v_None": 5,
        "v_error": 4
    },
    {
        "subject": 9636,
        "trial": 5,
        "c": 256,
        "a": 163,
        "d": 114,
        "b": 81,
        "f": 29,
        "e": 8,
        "None": 604,
        "error": 47,
        "a_None": 162,
        "a_error": 1,
        "b_None": 71,
        "b_error": 10,
        "c_None": 252,
        "c_error": 4,
        "d_None": 96,
        "d_error": 18,
        "e_None": 5,
        "e_error": 3,
        "f_None": 18,
        "f_error": 11
    },
    {
        "subject": 9636,
        "trial": 10,
        "c": 599,
        "b": 143,
        "d": 135,
        "a": 104,
        "f": 27,
        "e": 8,
        "None": 954,
        "error": 62,
        "a_None": 101,
        "a_error": 3,
        "b_None": 143,
        "c_None": 585,
        "c_error": 14,
        "d_None": 96,
        "d_error": 39,
        "e_None": 8,
        "f_None": 21,
        "f_error": 6
    },
    {
        "subject": 9636,
        "trial": 11,
        "d": 54,
        "a": 19,
        "b": 12,
        "c": 8,
        "None": 67,
        "error": 26,
        "a_None": 10,
        "a_error": 9,
        "b_None": 10,
        "b_error": 2,
        "c_None": 6,
        "c_error": 2,
        "d_None": 41,
        "d_error": 13
    },
    {
        "subject": 9636,
        "trial": 13,
        "d": 155,
        "c": 60,
        "a": 28,
        "b": 18,
        "e": 1,
        "None": 146,
        "error": 116,
        "a_None": 27,
        "a_error": 1,
        "b_None": 12,
        "b_error": 6,
        "c_None": 46,
        "c_error": 14,
        "d_error": 95,
        "d_None": 60,
        "e_None": 1
    },
    {
        "subject": 9636,
        "trial": 15,
        "c": 943,
        "a": 114,
        "d": 86,
        "b": 65,
        "f": 19,
        "e": 18,
        "None": 1204,
        "error": 41,
        "a_None": 113,
        "a_error": 1,
        "b_None": 65,
        "c_None": 926,
        "c_error": 17,
        "d_None": 65,
        "d_error": 21,
        "e_None": 17,
        "e_error": 1,
        "f_None": 18,
        "f_error": 1
    },
    {
        "subject": 9636,
        "trial": 20,
        "c": 405,
        "b": 190,
        "a": 110,
        "d": 65,
        "e": 45,
        "f": 26,
        "None": 658,
        "error": 183,
        "a_None": 96,
        "a_error": 14,
        "b_None": 162,
        "b_error": 28,
        "c_None": 315,
        "c_error": 90,
        "d_None": 48,
        "d_error": 17,
        "e_error": 25,
        "e_None": 20,
        "f_None": 17,
        "f_error": 9
    },
    {
        "subject": 9636,
        "trial": 23,
        "c": 280,
        "b": 153,
        "a": 91,
        "d": 76,
        "f": 42,
        "e": 37,
        "None": 625,
        "error": 54,
        "a_None": 88,
        "a_error": 3,
        "b_None": 153,
        "c_None": 255,
        "c_error": 25,
        "d_None": 73,
        "d_error": 3,
        "e_None": 36,
        "e_error": 1,
        "f_error": 22,
        "f_None": 20
    }
]