{
    "Preflight": {
        "total_time_demand" : 281.2,
        "total_working_memory_load" : 4.3,
        "overall_workload" : "High",
        "1" : {
            "task-time-demand" : 10.2,
            "type_of_operations" : {
                "perceptual" : ["look", "search"],
                "cognitive" : ["think", "store", "verify"],
                "motor":["keystroke","hands"]
            },
            "task-working-memory-load" : 1.6,
            "task-workload" : "Low",
            "chart_url": "data/images/Preflight_1_chartView.png"
        },
        "2" : {
            "task-time-demand" : 12.7,
            "type_of_operations" : {
                "perceptual" : ["look", "search"],
                "cognitive" : ["think", "store", "verify"],
                "motor":["keystroke","hands","say"]
            },
            "task-working-memory-load" : 0.8,
            "task-workload" : "Low",
            "chart_url": "data/images/Preflight_2_chartView.png"        
        },
        "3" : {
            "task-time-demand" : 54.8,
            "type_of_operations" : {
                "perceptual" : ["look", "search", "read"],
                "cognitive" : ["think", "store", "verify", "recall"],
                "motor":["keystroke","hands","say", "type"]
            },
            "task-working-memory-load" : 4.8,
            "task-workload" : "High",
            "chart_url": "data/images/Preflight_3_chartView.png"        
        },
        "4" : {
            "task-time-demand" : 59.9,
            "type_of_operations" : {
                "perceptual" : ["look", "search"],
                "cognitive" : ["think", "store", "verify", "recall"],
                "motor":["keystroke","hands","say", "type"]
            },
            "task-working-memory-load" : 6.4,
            "task-workload" : "High",
            "chart_url": "data/images/Preflight_4_chartView.png"        
        },
        "5" : {
            "task-time-demand" : 6.9,
            "type_of_operations" : {
                "perceptual" : ["look", "search"],
                "cognitive" : ["think", "store", "verify", "recall"]
            },
            "task-working-memory-load" : 0.7,
            "task-workload" : "Low",
            "chart_url": "data/images/Preflight_5_chartView.png"        
        },
        "6" : {
            "task-time-demand" : 10.1,
            "type_of_operations" : {
                "perceptual" : ["look", "search"],
                "cognitive" : ["think", "store", "verify", "recall"]
            },
            "task-working-memory-load" : 0.8,
            "task-workload" : "Low",
            "chart_url": "data/images/Preflight_6_chartView.png"        
        },
        "7" : {
            "task-time-demand" : 118.4,
            "type_of_operations" : {
                "perceptual" : ["look", "search"],
                "cognitive" : ["think", "store", "verify", "recall"],
                "motor":["keystroke","hands","say", "type"]
            },
            "task-working-memory-load" : 4.3,
            "task-workload" : "High",
            "chart_url": "data/images/Preflight_7_chartView.png"        
        },
        "8" : {
            "task-time-demand" : 4.8,
            "type_of_operations" : {
                "perceptual" : ["look"],
                "cognitive" : ["verify"],
                "motor": ["hands"]
            },
            "task-working-memory-load" : 0,
            "task-workload" : "Low",
            "chart_url": "data/images/Preflight_8_chartView.png"        
        },
        "9" : {
            "task-time-demand" : 3.5,
            "type_of_operations" : {
                "cognitive" : ["verify", "think"],
                "motor": ["say"]
            },
            "task-working-memory-load" : 0,
            "task-workload" : "Low",
            "chart_url": "data/images/Preflight_9_chartView.png"        
        }
    },
    "Flight": {
        "total_time_demand" : 296.2,
        "total_working_memory_load" : 4.2,
        "overall_workload" : "High",
        "1" : {
            "task-time-demand" : 14,
            "type_of_operations" : {
                "perceptual" : ["look", "search"],
                "cognitive" : ["think", "verify"],
                "motor":["keystroke","hands", "say"]
            },
            "task-working-memory-load" : 0,
            "task-workload" : "Low",
            "chart_url": "data/images/Flight_1_chartView.png"
        },
        "2" : {
            "task-time-demand" : 18.7,
            "type_of_operations" : {
                "perceptual" : ["look", "search"],
                "cognitive" : ["think", "verify", "store"]
            },
            "task-working-memory-load" : 2.4,
            "task-workload" : "Low",
            "chart_url": "data/images/Flight_2_chartView.png"
        },
        "Emer-1" : {
            "task-time-demand" : 63.4,
            "type_of_operations" : {
                "perceptual" : ["look", "search"],
                "cognitive" : ["think", "verify", "store", "recall"],
                "motor":["keystroke","hands", "say", "grasp"]
            },
            "task-working-memory-load" : 5.7,
            "task-workload" : "High",
            "chart_url": "data/images/Flight_Emer-1_chartView.png"
        },
        "Emer-2" : {
            "task-time-demand" : 9.7,
            "type_of_operations" : {
                "perceptual" : ["look"],
                "cognitive" : ["think", "verify"],
                "motor":["say"]
            },
            "task-working-memory-load" : 0,
            "task-workload" : "Low",
            "chart_url": "data/images/Flight_Emer-2_chartView.png"
        },
        "Emer-3" : {
            "task-time-demand" : 20.6,
            "type_of_operations" : {
                "perceptual" : ["look","search"],
                "cognitive" : ["think", "verify"],
                "motor":["keystroke", "hands", "say"]
            },
            "task-working-memory-load" : 0,
            "task-workload" : "Low",
            "chart_url": "data/images/Flight_Emer-3_chartView.png"
        },
        "Emer-4" : {
            "task-time-demand" : 113,
            "type_of_operations" : {
                "perceptual" : ["look"],
                "cognitive" : ["think", "store", "verify", "recall"],
                "motor":["keystroke", "hands", "say"]
            },
            "task-working-memory-load" : 4.5,
            "task-workload" : "High",
            "chart_url": "data/images/Flight_Emer-4_chartView.png"
        },
        "Emer-5" : {
            "task-time-demand" : 47.9,
            "type_of_operations" : {
                "perceptual" : ["look", "search"],
                "cognitive" : ["think", "store", "verify", "recall"],
                "motor":["keystroke", "hands", "say", "type"]
            },
            "task-working-memory-load" : 4.4,
            "task-workload" : "High",
            "chart_url": "data/images/Flight_Emer-5_chartView.png"
        },
        "Emer-6" : {
            "task-time-demand" : 9.7,
            "type_of_operations" : {
                "perceptual" : ["look"],
                "cognitive" : ["think", "verify"],
                "motor":["say"]
            },
            "task-working-memory-load" : 0,
            "task-workload" : "Low",
            "chart_url": "data/images/Flight_Emer-6_chartView.png"
        }
    }
}