{
    "subject_correlations": {
        "293": {
            "workload_Optimal": 0.34328762749040936,
            "workload_Overload": 0.22619677655593617,
            "workload_Underload": 0.4318375438844227,
            "attention_Optimal": 0.010524487721014037,
            "attention_Overload": 0.5164882119817104,
            "attention_Underload": 0.3853523619053027,
            "perception_Optimal": 0.15161391066005153,
            "perception_Underload": 0.6130673541258387,
            "perception_Overload": 0.4659304281239151
        },
        "4352": {
            "workload_Optimal": 0.7195822010335912,
            "workload_Overload": 0.3356612998478813,
            "workload_Underload": 0.8018085365467815,
            "attention_Optimal": 0.5329776924532166,
            "attention_Overload": 0.995372285489057,
            "attention_Underload": 0.5253333435625326,
            "perception_Optimal": 0.7678601090836459,
            "perception_Underload": 0.06296488306351082,
            "perception_Overload": 0.8954975986395458
        },
        "5482": {
            "workload_Optimal": null,
            "workload_Overload": null,
            "workload_Underload": null,
            "attention_Optimal": null,
            "attention_Overload": null,
            "attention_Underload": null,
            "perception_Optimal": null,
            "perception_Underload": null,
            "perception_Overload": null
        },
        "7921": {
            "workload_Optimal": -0.08892764686430282,
            "workload_Overload": -0.3512068236299803,
            "workload_Underload": -0.019574632580854078,
            "attention_Optimal": -0.31758315774214024,
            "attention_Overload": -0.2574647593459667,
            "attention_Underload": 0.567603793798706,
            "perception_Optimal": -0.3116017363820376,
            "perception_Underload": 0.5302945060763533,
            "perception_Overload": -0.021303438409908112
        },
        "8101": {
            "workload_Optimal": 0.3446854416102006,
            "workload_Overload": 0.6119190859569301,
            "workload_Underload": -0.10518580797985762,
            "attention_Optimal": 0.0885489054674627,
            "attention_Overload": 0.6551238791132756,
            "attention_Underload": -0.06459154282788068,
            "perception_Optimal": 0.16736135189191545,
            "perception_Underload": 0.4683613149378012,
            "perception_Overload": 0.44775126366959517
        },
        "8708": {
            "workload_Optimal": 0.4492220730227892,
            "workload_Overload": 0.8606689622213494,
            "workload_Underload": -0.5854377920525599,
            "attention_Optimal": 0.26975248615712694,
            "attention_Overload": 0.9365795518790344,
            "attention_Underload": 0.28590869135305585,
            "perception_Optimal": 0.4725887712165447,
            "perception_Underload": -0.5485435445519069,
            "perception_Overload": 0.4646092735778148
        },
        "9636": {
            "workload_Optimal": 0.49250160640307566,
            "workload_Overload": 0.39031391903626916,
            "workload_Underload": 0.038986683487900936,
            "attention_Optimal": 0.5239668830728145,
            "attention_Overload": 0.19851467800724376,
            "attention_Underload": -0.08748531939735411,
            "perception_Optimal": 0.4427346649976901,
            "perception_Underload": 0.2927795663494735,
            "perception_Overload": 0.16068215523807913
        }
    },
    "trial_correlations": {
        "2": {
            "workload_Optimal": -0.25247026789433386,
            "workload_Overload": 0.38267894599291535,
            "workload_Underload": -0.3500913798618488,
            "attention_Optimal": -0.19948071405995996,
            "attention_Overload": -0.2814235952290734,
            "attention_Underload": 0.8382244820825998,
            "perception_Optimal": -0.3098886282459688,
            "perception_Underload": 0.4805074367280556,
            "perception_Overload": -0.32465487058245385
        },
        "11": {
            "workload_Optimal": 1.0,
            "workload_Overload": -1.0,
            "workload_Underload": -1.0,
            "attention_Optimal": -1.0,
            "attention_Overload": 1.0,
            "attention_Underload": -1.0,
            "perception_Optimal": 1.0,
            "perception_Underload": 1.0,
            "perception_Overload": -1.0
        },
        "13": {
            "workload_Optimal": -0.4760562394610819,
            "workload_Overload": -0.6485633859727965,
            "workload_Underload": 0.9244734516419052,
            "attention_Optimal": -0.8922117402614715,
            "attention_Overload": -0.5718471507443885,
            "attention_Underload": 0.9380837301285003,
            "perception_Optimal": -0.5618141420205895,
            "perception_Underload": 0.9926253951914041,
            "perception_Overload": 0.1727823255181512
        },
        "16": {
            "workload_Optimal": -0.9999999999999999,
            "workload_Overload": 0.9999999999999999,
            "workload_Underload": -1.0,
            "attention_Optimal": -1.0,
            "attention_Overload": 1.0,
            "attention_Underload": -1.0,
            "perception_Optimal": -0.9999999999999999,
            "perception_Underload": 0.9999999999999999,
            "perception_Overload": 0.9999999999999998
        },
        "19": {
            "workload_Optimal": null,
            "workload_Overload": null,
            "workload_Underload": null,
            "attention_Optimal": null,
            "attention_Overload": null,
            "attention_Underload": null,
            "perception_Optimal": null,
            "perception_Underload": null,
            "perception_Overload": null
        },
        "27": {
            "workload_Optimal": null,
            "workload_Overload": null,
            "workload_Underload": null,
            "attention_Optimal": null,
            "attention_Overload": null,
            "attention_Underload": null,
            "perception_Optimal": null,
            "perception_Underload": null,
            "perception_Overload": null
        },
        "33": {
            "workload_Optimal": null,
            "workload_Overload": null,
            "workload_Underload": null,
            "attention_Optimal": null,
            "attention_Overload": null,
            "attention_Underload": null,
            "perception_Optimal": null,
            "perception_Underload": null,
            "perception_Overload": null
        },
        "4": {
            "workload_Optimal": -1.0,
            "workload_Overload": 1.0,
            "workload_Underload": -1.0,
            "attention_Optimal": -1.0,
            "attention_Overload": 1.0,
            "attention_Underload": 1.0,
            "perception_Optimal": -1.0,
            "perception_Underload": 1.0,
            "perception_Overload": 1.0
        },
        "8": {
            "workload_Optimal": 1.0,
            "workload_Overload": 1.0,
            "workload_Underload": 1.0,
            "attention_Optimal": 1.0,
            "attention_Overload": 1.0,
            "attention_Underload": 1.0,
            "perception_Optimal": 1.0,
            "perception_Underload": -1.0,
            "perception_Overload": 1.0
        },
        "20": {
            "workload_Optimal": -0.9845170163609491,
            "workload_Overload": 0.26607172520557654,
            "workload_Underload": 0.1911251725373239,
            "attention_Optimal": -0.8486043307962502,
            "attention_Overload": 0.2973121842237637,
            "attention_Underload": 0.13931206961489295,
            "perception_Optimal": -0.7311640528188175,
            "perception_Underload": 0.041571767244798864,
            "perception_Overload": 0.14188198563356275
        },
        "6": {
            "workload_Optimal": null,
            "workload_Overload": null,
            "workload_Underload": null,
            "attention_Optimal": null,
            "attention_Overload": null,
            "attention_Underload": null,
            "perception_Optimal": null,
            "perception_Underload": null,
            "perception_Overload": null
        },
        "15": {
            "workload_Optimal": 0.9999999999999999,
            "workload_Overload": 0.9999999999999999,
            "workload_Underload": -0.9999999999999999,
            "attention_Optimal": -1.0,
            "attention_Overload": 1.0,
            "attention_Underload": 0.9999999999999999,
            "perception_Optimal": -1.0,
            "perception_Underload": -1.0,
            "perception_Overload": 0.9999999999999998
        },
        "17": {
            "workload_Optimal": null,
            "workload_Overload": null,
            "workload_Underload": null,
            "attention_Optimal": null,
            "attention_Overload": null,
            "attention_Underload": null,
            "perception_Optimal": null,
            "perception_Underload": null,
            "perception_Overload": null
        },
        "24": {
            "workload_Optimal": null,
            "workload_Overload": null,
            "workload_Underload": null,
            "attention_Optimal": null,
            "attention_Overload": null,
            "attention_Underload": null,
            "perception_Optimal": null,
            "perception_Underload": null,
            "perception_Overload": null
        },
        "7": {
            "workload_Optimal": null,
            "workload_Overload": null,
            "workload_Underload": null,
            "attention_Optimal": null,
            "attention_Overload": null,
            "attention_Underload": null,
            "perception_Optimal": null,
            "perception_Underload": null,
            "perception_Overload": null
        },
        "12": {
            "workload_Optimal": null,
            "workload_Overload": null,
            "workload_Underload": null,
            "attention_Optimal": null,
            "attention_Overload": null,
            "attention_Underload": null,
            "perception_Optimal": null,
            "perception_Underload": null,
            "perception_Overload": null
        },
        "31": {
            "workload_Optimal": null,
            "workload_Overload": null,
            "workload_Underload": null,
            "attention_Optimal": null,
            "attention_Overload": null,
            "attention_Underload": null,
            "perception_Optimal": null,
            "perception_Underload": null,
            "perception_Overload": null
        },
        "3": {
            "workload_Optimal": null,
            "workload_Overload": null,
            "workload_Underload": null,
            "attention_Optimal": null,
            "attention_Overload": null,
            "attention_Underload": null,
            "perception_Optimal": null,
            "perception_Underload": null,
            "perception_Overload": null
        },
        "5": {
            "workload_Optimal": null,
            "workload_Overload": null,
            "workload_Underload": null,
            "attention_Optimal": null,
            "attention_Overload": null,
            "attention_Underload": null,
            "perception_Optimal": null,
            "perception_Underload": null,
            "perception_Overload": null
        },
        "10": {
            "workload_Optimal": null,
            "workload_Overload": null,
            "workload_Underload": null,
            "attention_Optimal": null,
            "attention_Overload": null,
            "attention_Underload": null,
            "perception_Optimal": null,
            "perception_Underload": null,
            "perception_Overload": null
        },
        "23": {
            "workload_Optimal": null,
            "workload_Overload": null,
            "workload_Underload": null,
            "attention_Optimal": null,
            "attention_Overload": null,
            "attention_Underload": null,
            "perception_Optimal": null,
            "perception_Underload": null,
            "perception_Overload": null
        }
    }
}