[
    {
        "subject": 293,
        "trial": 2,
        "workload_classification_Optimal": 26248,
        "workload_classification_Overload": 1649,
        "attention_classification_Optimal": 26033,
        "attention_classification_Overload": 1864,
        "perception_classification_Optimal": 25819,
        "perception_classification_Underload": 1939,
        "perception_classification_Overload": 139
    },
    {
        "subject": 293,
        "trial": 11,
        "workload_classification_Optimal": 18819,
        "workload_classification_Overload": 1412,
        "workload_classification_Underload": 161,
        "attention_classification_Overload": 17520,
        "attention_classification_Optimal": 2143,
        "attention_classification_Underload": 729,
        "perception_classification_Optimal": 16462,
        "perception_classification_Underload": 3587,
        "perception_classification_Overload": 343
    },
    {
        "subject": 293,
        "trial": 13,
        "workload_classification_Optimal": 5291,
        "workload_classification_Overload": 321,
        "attention_classification_Optimal": 5239,
        "attention_classification_Overload": 373,
        "perception_classification_Optimal": 5612
    },
    {
        "subject": 293,
        "trial": 16,
        "workload_classification_Optimal": 14411,
        "workload_classification_Overload": 453,
        "workload_classification_Underload": 445,
        "attention_classification_Optimal": 10540,
        "attention_classification_Overload": 4745,
        "attention_classification_Underload": 24,
        "perception_classification_Optimal": 13578,
        "perception_classification_Overload": 1587,
        "perception_classification_Underload": 144
    },
    {
        "subject": 293,
        "trial": 19,
        "workload_classification_Optimal": 12912,
        "workload_classification_Underload": 1054,
        "workload_classification_Overload": 150,
        "attention_classification_Optimal": 10199,
        "attention_classification_Overload": 3812,
        "attention_classification_Underload": 105,
        "perception_classification_Underload": 7630,
        "perception_classification_Optimal": 6209,
        "perception_classification_Overload": 277
    },
    {
        "subject": 293,
        "trial": 20,
        "workload_classification_Optimal": 15013,
        "workload_classification_Overload": 663,
        "workload_classification_Underload": 125,
        "attention_classification_Optimal": 12444,
        "attention_classification_Overload": 2656,
        "attention_classification_Underload": 701,
        "perception_classification_Optimal": 10685,
        "perception_classification_Underload": 3691,
        "perception_classification_Overload": 1425
    },
    {
        "subject": 293,
        "trial": 26,
        "workload_classification_Optimal": 6698,
        "workload_classification_Overload": 4308,
        "workload_classification_Underload": 2525,
        "attention_classification_Optimal": 10302,
        "attention_classification_Overload": 3229,
        "perception_classification_Optimal": 5657,
        "perception_classification_Underload": 4173,
        "perception_classification_Overload": 3701
    },
    {
        "subject": 293,
        "trial": 27,
        "workload_classification_Optimal": 18716,
        "workload_classification_Underload": 3089,
        "workload_classification_Overload": 1629,
        "attention_classification_Optimal": 17969,
        "attention_classification_Overload": 5287,
        "attention_classification_Underload": 178,
        "perception_classification_Optimal": 16381,
        "perception_classification_Underload": 5847,
        "perception_classification_Overload": 1206
    },
    {
        "subject": 293,
        "trial": 33,
        "workload_classification_Optimal": 12147,
        "workload_classification_Underload": 3486,
        "workload_classification_Overload": 1873,
        "attention_classification_Optimal": 11524,
        "attention_classification_Overload": 5849,
        "attention_classification_Underload": 133,
        "perception_classification_Optimal": 12987,
        "perception_classification_Underload": 4200,
        "perception_classification_Overload": 319
    },
    {
        "subject": 4352,
        "trial": 2,
        "workload_classification_Optimal": 22249,
        "workload_classification_Underload": 2375,
        "workload_classification_Overload": 2341,
        "attention_classification_Overload": 14740,
        "attention_classification_Optimal": 11181,
        "attention_classification_Underload": 1044,
        "perception_classification_Optimal": 23959,
        "perception_classification_Overload": 2875,
        "perception_classification_Underload": 131
    },
    {
        "subject": 4352,
        "trial": 4,
        "workload_classification_Overload": 9546,
        "workload_classification_Optimal": 2684,
        "workload_classification_Underload": 915,
        "attention_classification_Overload": 6468,
        "attention_classification_Optimal": 4728,
        "attention_classification_Underload": 1949,
        "perception_classification_Underload": 7517,
        "perception_classification_Optimal": 2951,
        "perception_classification_Overload": 2677
    },
    {
        "subject": 4352,
        "trial": 8,
        "workload_classification_Optimal": 3287,
        "workload_classification_Underload": 1668,
        "workload_classification_Overload": 247,
        "attention_classification_Optimal": 2539,
        "attention_classification_Overload": 2086,
        "attention_classification_Underload": 577,
        "perception_classification_Optimal": 4457,
        "perception_classification_Overload": 534,
        "perception_classification_Underload": 211
    },
    {
        "subject": 4352,
        "trial": 20,
        "workload_classification_Optimal": 8700,
        "workload_classification_Overload": 101,
        "attention_classification_Optimal": 8301,
        "attention_classification_Underload": 263,
        "attention_classification_Overload": 237,
        "perception_classification_Optimal": 7769,
        "perception_classification_Underload": 661,
        "perception_classification_Overload": 371
    },
    {
        "subject": 5482,
        "trial": 2,
        "workload_classification_Optimal": 21350,
        "workload_classification_Overload": 1633,
        "workload_classification_Underload": 1308,
        "attention_classification_Optimal": 16163,
        "attention_classification_Overload": 7954,
        "attention_classification_Underload": 174,
        "perception_classification_Optimal": 17507,
        "perception_classification_Overload": 3533,
        "perception_classification_Underload": 3251
    },
    {
        "subject": 7921,
        "trial": 2,
        "workload_classification_Optimal": 17353,
        "workload_classification_Overload": 3857,
        "workload_classification_Underload": 1537,
        "attention_classification_Optimal": 16582,
        "attention_classification_Overload": 6165,
        "perception_classification_Optimal": 19081,
        "perception_classification_Overload": 3593,
        "perception_classification_Underload": 73
    },
    {
        "subject": 7921,
        "trial": 6,
        "workload_classification_Optimal": 12699,
        "workload_classification_Underload": 236,
        "workload_classification_Overload": 174,
        "attention_classification_Optimal": 12511,
        "attention_classification_Overload": 440,
        "attention_classification_Underload": 158,
        "perception_classification_Optimal": 11968,
        "perception_classification_Underload": 840,
        "perception_classification_Overload": 301
    },
    {
        "subject": 7921,
        "trial": 8,
        "workload_classification_Optimal": 2138,
        "workload_classification_Underload": 323,
        "workload_classification_Overload": 61,
        "attention_classification_Optimal": 2315,
        "attention_classification_Overload": 207,
        "perception_classification_Optimal": 1257,
        "perception_classification_Underload": 755,
        "perception_classification_Overload": 510
    },
    {
        "subject": 7921,
        "trial": 15,
        "workload_classification_Optimal": 9714,
        "workload_classification_Underload": 2877,
        "workload_classification_Overload": 816,
        "attention_classification_Optimal": 10828,
        "attention_classification_Overload": 2491,
        "attention_classification_Underload": 88,
        "perception_classification_Optimal": 10712,
        "perception_classification_Underload": 2544,
        "perception_classification_Overload": 151
    },
    {
        "subject": 7921,
        "trial": 17,
        "workload_classification_Optimal": 11576,
        "workload_classification_Overload": 2181,
        "workload_classification_Underload": 1178,
        "attention_classification_Optimal": 8386,
        "attention_classification_Underload": 4508,
        "attention_classification_Overload": 2041,
        "perception_classification_Optimal": 6750,
        "perception_classification_Underload": 4250,
        "perception_classification_Overload": 3935
    },
    {
        "subject": 7921,
        "trial": 20,
        "workload_classification_Optimal": 4558,
        "workload_classification_Overload": 322,
        "attention_classification_Optimal": 3333,
        "attention_classification_Overload": 1267,
        "attention_classification_Underload": 280,
        "perception_classification_Optimal": 4650,
        "perception_classification_Overload": 205,
        "perception_classification_Underload": 25
    },
    {
        "subject": 7921,
        "trial": 24,
        "workload_classification_Optimal": 11658,
        "workload_classification_Overload": 1579,
        "workload_classification_Underload": 1381,
        "attention_classification_Optimal": 6210,
        "attention_classification_Underload": 4419,
        "attention_classification_Overload": 3989,
        "perception_classification_Optimal": 7978,
        "perception_classification_Overload": 3567,
        "perception_classification_Underload": 3073
    },
    {
        "subject": 8101,
        "trial": 2,
        "workload_classification_Optimal": 6611,
        "workload_classification_Underload": 6186,
        "workload_classification_Overload": 337,
        "attention_classification_Overload": 6601,
        "attention_classification_Optimal": 6414,
        "attention_classification_Underload": 119,
        "perception_classification_Optimal": 8174,
        "perception_classification_Overload": 4513,
        "perception_classification_Underload": 447
    },
    {
        "subject": 8101,
        "trial": 7,
        "workload_classification_Optimal": 11799,
        "workload_classification_Overload": 1601,
        "attention_classification_Optimal": 7429,
        "attention_classification_Overload": 5433,
        "attention_classification_Underload": 538,
        "perception_classification_Optimal": 12089,
        "perception_classification_Underload": 733,
        "perception_classification_Overload": 578
    },
    {
        "subject": 8101,
        "trial": 8,
        "workload_classification_Underload": 1563,
        "workload_classification_Optimal": 295,
        "workload_classification_Overload": 88,
        "attention_classification_Optimal": 1716,
        "attention_classification_Overload": 230,
        "perception_classification_Optimal": 1634,
        "perception_classification_Overload": 312
    },
    {
        "subject": 8101,
        "trial": 12,
        "workload_classification_Optimal": 7181,
        "workload_classification_Overload": 4661,
        "workload_classification_Underload": 1545,
        "attention_classification_Optimal": 9087,
        "attention_classification_Overload": 4227,
        "attention_classification_Underload": 73,
        "perception_classification_Overload": 4892,
        "perception_classification_Optimal": 4759,
        "perception_classification_Underload": 3736
    },
    {
        "subject": 8101,
        "trial": 13,
        "workload_classification_Optimal": 1435,
        "workload_classification_Overload": 475,
        "attention_classification_Optimal": 1682,
        "attention_classification_Underload": 137,
        "attention_classification_Overload": 91,
        "perception_classification_Optimal": 874,
        "perception_classification_Overload": 580,
        "perception_classification_Underload": 456
    },
    {
        "subject": 8101,
        "trial": 16,
        "workload_classification_Optimal": 4520,
        "workload_classification_Overload": 3036,
        "workload_classification_Underload": 1,
        "attention_classification_Overload": 5873,
        "attention_classification_Optimal": 1684,
        "perception_classification_Overload": 3218,
        "perception_classification_Optimal": 3072,
        "perception_classification_Underload": 1267
    },
    {
        "subject": 8101,
        "trial": 19,
        "workload_classification_Optimal": 9366,
        "workload_classification_Overload": 375,
        "attention_classification_Optimal": 9128,
        "attention_classification_Overload": 613,
        "perception_classification_Optimal": 4327,
        "perception_classification_Underload": 3399,
        "perception_classification_Overload": 2015
    },
    {
        "subject": 8101,
        "trial": 20,
        "workload_classification_Optimal": 5359,
        "workload_classification_Overload": 314,
        "attention_classification_Optimal": 3137,
        "attention_classification_Overload": 2536,
        "perception_classification_Optimal": 5208,
        "perception_classification_Underload": 352,
        "perception_classification_Overload": 113
    },
    {
        "subject": 8101,
        "trial": 26,
        "workload_classification_Optimal": 5598,
        "workload_classification_Overload": 3459,
        "workload_classification_Underload": 424,
        "attention_classification_Optimal": 8802,
        "attention_classification_Overload": 645,
        "attention_classification_Underload": 34,
        "perception_classification_Optimal": 7809,
        "perception_classification_Overload": 1178,
        "perception_classification_Underload": 494
    },
    {
        "subject": 8101,
        "trial": 31,
        "workload_classification_Optimal": 11421,
        "workload_classification_Underload": 1821,
        "workload_classification_Overload": 716,
        "attention_classification_Overload": 8884,
        "attention_classification_Optimal": 4490,
        "attention_classification_Underload": 584,
        "perception_classification_Optimal": 10818,
        "perception_classification_Overload": 1800,
        "perception_classification_Underload": 1340
    },
    {
        "subject": 8101,
        "trial": 32,
        "workload_classification_Optimal": 6046,
        "workload_classification_Overload": 1930,
        "attention_classification_Optimal": 6060,
        "attention_classification_Overload": 1708,
        "attention_classification_Underload": 208,
        "perception_classification_Optimal": 7154,
        "perception_classification_Underload": 805,
        "perception_classification_Overload": 17
    },
    {
        "subject": 8708,
        "trial": 2,
        "workload_classification_Optimal": 23593,
        "workload_classification_Overload": 5899,
        "workload_classification_Underload": 1418,
        "attention_classification_Optimal": 24733,
        "attention_classification_Overload": 6151,
        "attention_classification_Underload": 26,
        "perception_classification_Optimal": 22600,
        "perception_classification_Overload": 4339,
        "perception_classification_Underload": 3971
    },
    {
        "subject": 8708,
        "trial": 4,
        "workload_classification_Optimal": 8378,
        "workload_classification_Underload": 5162,
        "workload_classification_Overload": 3899,
        "attention_classification_Optimal": 13844,
        "attention_classification_Overload": 3335,
        "attention_classification_Underload": 260,
        "perception_classification_Optimal": 10453,
        "perception_classification_Underload": 4511,
        "perception_classification_Overload": 2475
    },
    {
        "subject": 8708,
        "trial": 20,
        "workload_classification_Underload": 5380,
        "workload_classification_Overload": 4617,
        "workload_classification_Optimal": 4144,
        "attention_classification_Optimal": 6779,
        "attention_classification_Overload": 4779,
        "attention_classification_Underload": 2583,
        "perception_classification_Optimal": 7562,
        "perception_classification_Underload": 4573,
        "perception_classification_Overload": 2006
    },
    {
        "subject": 9636,
        "trial": 2,
        "workload_classification_Optimal": 11573,
        "workload_classification_Overload": 5231,
        "workload_classification_Underload": 23,
        "attention_classification_Optimal": 13182,
        "attention_classification_Underload": 3151,
        "attention_classification_Overload": 494,
        "perception_classification_Optimal": 13792,
        "perception_classification_Underload": 2371,
        "perception_classification_Overload": 664
    },
    {
        "subject": 9636,
        "trial": 3,
        "workload_classification_Optimal": 10813,
        "workload_classification_Overload": 2864,
        "workload_classification_Underload": 294,
        "attention_classification_Optimal": 10883,
        "attention_classification_Overload": 3088,
        "perception_classification_Optimal": 12111,
        "perception_classification_Underload": 1389,
        "perception_classification_Overload": 471
    },
    {
        "subject": 9636,
        "trial": 5,
        "workload_classification_Optimal": 11976,
        "workload_classification_Overload": 2112,
        "workload_classification_Underload": 1145,
        "attention_classification_Optimal": 11871,
        "attention_classification_Overload": 1710,
        "attention_classification_Underload": 1652,
        "perception_classification_Optimal": 11549,
        "perception_classification_Overload": 3670,
        "perception_classification_Underload": 14
    },
    {
        "subject": 9636,
        "trial": 9,
        "workload_classification_Overload": 4498,
        "workload_classification_Optimal": 911,
        "workload_classification_Underload": 100,
        "attention_classification_Overload": 3450,
        "attention_classification_Optimal": 1893,
        "attention_classification_Underload": 166,
        "perception_classification_Optimal": 3395,
        "perception_classification_Overload": 2114
    },
    {
        "subject": 9636,
        "trial": 10,
        "workload_classification_Optimal": 11229,
        "workload_classification_Overload": 2109,
        "workload_classification_Underload": 262,
        "attention_classification_Optimal": 8676,
        "attention_classification_Overload": 4803,
        "attention_classification_Underload": 121,
        "perception_classification_Optimal": 6752,
        "perception_classification_Overload": 5753,
        "perception_classification_Underload": 1095
    },
    {
        "subject": 9636,
        "trial": 11,
        "workload_classification_Optimal": 9697,
        "workload_classification_Overload": 3316,
        "workload_classification_Underload": 282,
        "attention_classification_Optimal": 9741,
        "attention_classification_Overload": 2797,
        "attention_classification_Underload": 757,
        "perception_classification_Optimal": 9818,
        "perception_classification_Overload": 1989,
        "perception_classification_Underload": 1488
    },
    {
        "subject": 9636,
        "trial": 13,
        "workload_classification_Optimal": 3011,
        "workload_classification_Underload": 1075,
        "workload_classification_Overload": 138,
        "attention_classification_Underload": 3239,
        "attention_classification_Optimal": 807,
        "attention_classification_Overload": 178,
        "perception_classification_Optimal": 2388,
        "perception_classification_Underload": 1657,
        "perception_classification_Overload": 179
    },
    {
        "subject": 9636,
        "trial": 14,
        "workload_classification_Optimal": 8726,
        "workload_classification_Underload": 330,
        "workload_classification_Overload": 142,
        "attention_classification_Underload": 4385,
        "attention_classification_Overload": 2964,
        "attention_classification_Optimal": 1849,
        "perception_classification_Optimal": 5588,
        "perception_classification_Overload": 2740,
        "perception_classification_Underload": 870
    },
    {
        "subject": 9636,
        "trial": 15,
        "workload_classification_Optimal": 11146,
        "workload_classification_Overload": 1854,
        "workload_classification_Underload": 165,
        "attention_classification_Optimal": 8408,
        "attention_classification_Overload": 4069,
        "attention_classification_Underload": 688,
        "perception_classification_Optimal": 8863,
        "perception_classification_Overload": 3991,
        "perception_classification_Underload": 311
    },
    {
        "subject": 9636,
        "trial": 20,
        "workload_classification_Optimal": 3743,
        "workload_classification_Overload": 644,
        "workload_classification_Underload": 111,
        "attention_classification_Optimal": 4018,
        "attention_classification_Overload": 417,
        "attention_classification_Underload": 63,
        "perception_classification_Optimal": 4120,
        "perception_classification_Overload": 378
    },
    {
        "subject": 9636,
        "trial": 23,
        "workload_classification_Optimal": 9487,
        "workload_classification_Underload": 3672,
        "workload_classification_Overload": 283,
        "attention_classification_Optimal": 12086,
        "attention_classification_Overload": 870,
        "attention_classification_Underload": 486,
        "perception_classification_Optimal": 13026,
        "perception_classification_Underload": 276,
        "perception_classification_Overload": 140
    }
]