{
    "293": {
        "2": {
            "first_timestamp": "1970-01-01 21:59:37.642689",
            "last_timestamp": "1970-01-01 22:46:26.492787",
            "duration": "0:46:48.850098",
            "duration_seconds": 2808.850098
        },
        "11": {
            "first_timestamp": "1970-01-01 18:24:19.580666",
            "last_timestamp": "1970-01-01 18:58:43.924000",
            "duration": "0:34:24.343334",
            "duration_seconds": 2064.343334
        },
        "13": {
            "first_timestamp": "1970-01-01 17:25:16.808025",
            "last_timestamp": "1970-01-01 17:34:50.339340",
            "duration": "0:09:33.531315",
            "duration_seconds": 573.531315
        },
        "16": {
            "first_timestamp": "1970-01-01 20:41:20.590837",
            "last_timestamp": "1970-01-01 21:07:30.562321",
            "duration": "0:26:09.971484",
            "duration_seconds": 1569.971484
        },
        "19": {
            "first_timestamp": "1970-01-01 21:10:25.977951",
            "last_timestamp": "1970-01-01 21:34:09.375474",
            "duration": "0:23:43.397523",
            "duration_seconds": 1423.397523
        },
        "20": {
            "first_timestamp": "1970-01-01 23:17:02.247633",
            "last_timestamp": "1970-01-01 23:44:22.602746",
            "duration": "0:27:20.355113",
            "duration_seconds": 1640.355113
        },
        "26": {
            "first_timestamp": "1970-01-01 22:07:23.290805",
            "last_timestamp": "1970-01-01 22:31:16.315355",
            "duration": "0:23:53.024550",
            "duration_seconds": 1433.02455
        },
        "27": {
            "first_timestamp": "1970-01-01 17:37:52.924868",
            "last_timestamp": "1970-01-01 18:17:15.681389",
            "duration": "0:39:22.756521",
            "duration_seconds": 2362.756521
        },
        "33": {
            "first_timestamp": "1970-01-01 22:43:49.243628",
            "last_timestamp": "1970-01-01 23:14:21.075877",
            "duration": "0:30:31.832249",
            "duration_seconds": 1831.832249
        }
    },
    "4352": {
        "2": {
            "first_timestamp": "1970-01-01 22:20:25.510220",
            "last_timestamp": "1970-01-01 23:04:05.169167",
            "duration": "0:43:39.658947",
            "duration_seconds": 2619.658947
        },
        "4": {
            "first_timestamp": "1970-01-01 00:12:55.957674",
            "last_timestamp": "1970-01-01 00:48:24.805000",
            "duration": "0:35:28.847326",
            "duration_seconds": 2128.847326
        },
        "8": {
            "first_timestamp": "1970-01-01 01:02:36.218512",
            "last_timestamp": "1970-01-01 01:13:16.782538",
            "duration": "0:10:40.564026",
            "duration_seconds": 640.564026
        },
        "20": {
            "first_timestamp": "1970-01-01 01:15:17.149496",
            "last_timestamp": "1970-01-01 02:00:07.805000",
            "duration": "0:44:50.655504",
            "duration_seconds": 2690.655504
        }
    },
    "5482": {
        "2": {
            "first_timestamp": "1970-01-01 16:35:34.148013",
            "last_timestamp": "1970-01-01 17:16:42.541496",
            "duration": "0:41:08.393483",
            "duration_seconds": 2468.393483
        }
    },
    "7921": {
        "2": {
            "first_timestamp": "1970-01-01 18:50:28.915699",
            "last_timestamp": "1970-01-01 19:29:28.132272",
            "duration": "0:38:59.216573",
            "duration_seconds": 2339.216573
        },
        "6": {
            "first_timestamp": "1970-01-01 19:02:09.837122",
            "last_timestamp": "1970-01-01 19:24:17.232023",
            "duration": "0:22:07.394901",
            "duration_seconds": 1327.394901
        },
        "8": {
            "first_timestamp": "1970-01-01 19:32:26.804783",
            "last_timestamp": "1970-01-01 19:37:49.022293",
            "duration": "0:05:22.217510",
            "duration_seconds": 322.21751
        },
        "15": {
            "first_timestamp": "1970-01-01 17:56:17.720773",
            "last_timestamp": "1970-01-01 18:19:03.639085",
            "duration": "0:22:45.918312",
            "duration_seconds": 1365.918312
        },
        "17": {
            "first_timestamp": "1970-01-01 18:34:04.097665",
            "last_timestamp": "1970-01-01 18:59:15.782829",
            "duration": "0:25:11.685164",
            "duration_seconds": 1511.685164
        },
        "20": {
            "first_timestamp": "1970-01-01 19:26:54.548449",
            "last_timestamp": "1970-01-01 19:46:24.804000",
            "duration": "0:19:30.255551",
            "duration_seconds": 1170.255551
        },
        "24": {
            "first_timestamp": "1970-01-01 19:40:32.312545",
            "last_timestamp": "1970-01-01 20:05:51.306999",
            "duration": "0:25:18.994454",
            "duration_seconds": 1518.994454
        }
    },
    "8101": {
        "2": {
            "first_timestamp": "1970-01-01 15:08:36.962192",
            "last_timestamp": "1970-01-01 15:31:41.798855",
            "duration": "0:23:04.836663",
            "duration_seconds": 1384.836663
        },
        "7": {
            "first_timestamp": "1970-01-01 15:40:10.982514",
            "last_timestamp": "1970-01-01 16:02:44.098246",
            "duration": "0:22:33.115732",
            "duration_seconds": 1353.115732
        },
        "8": {
            "first_timestamp": "1970-01-01 21:32:28.405376",
            "last_timestamp": "1970-01-01 21:36:25.847337",
            "duration": "0:03:57.441961",
            "duration_seconds": 237.441961
        },
        "12": {
            "first_timestamp": "1970-01-01 16:09:10.986356",
            "last_timestamp": "1970-01-01 16:32:50.205000",
            "duration": "0:23:39.218644",
            "duration_seconds": 1419.218644
        },
        "13": {
            "first_timestamp": "1970-01-01 20:38:27.205518",
            "last_timestamp": "1970-01-01 20:42:11.889528",
            "duration": "0:03:44.684010",
            "duration_seconds": 224.68401
        },
        "16": {
            "first_timestamp": "1970-01-01 19:07:24.006668",
            "last_timestamp": "1970-01-01 19:20:51.145581",
            "duration": "0:13:27.138913",
            "duration_seconds": 807.138913
        },
        "19": {
            "first_timestamp": "1970-01-01 18:15:31.010680",
            "last_timestamp": "1970-01-01 18:18:48.506808",
            "duration": "0:03:17.496128",
            "duration_seconds": 197.496128
        },
        "20": {
            "first_timestamp": "1970-01-01 21:40:11.492728",
            "last_timestamp": "1970-01-01 21:50:05.832848",
            "duration": "0:09:54.340120",
            "duration_seconds": 594.34012
        },
        "26": {
            "first_timestamp": "1970-01-01 20:45:19.179336",
            "last_timestamp": "1970-01-01 21:01:34.764018",
            "duration": "0:16:15.584682",
            "duration_seconds": 975.584682
        },
        "31": {
            "first_timestamp": "1970-01-01 18:40:39.001359",
            "last_timestamp": "1970-01-01 19:04:43.793329",
            "duration": "0:24:04.791970",
            "duration_seconds": 1444.79197
        },
        "32": {
            "first_timestamp": "1970-01-01 21:15:24.767474",
            "last_timestamp": "1970-01-01 21:28:44.262487",
            "duration": "0:13:19.495013",
            "duration_seconds": 799.495013
        }
    },
    "8708": {
        "2": {
            "first_timestamp": "1970-01-01 22:23:17.068160",
            "last_timestamp": "1970-01-01 23:15:43.475396",
            "duration": "0:52:26.407236",
            "duration_seconds": 3146.407236
        },
        "4": {
            "first_timestamp": "1970-01-01 00:00:41.404000",
            "last_timestamp": "1970-01-01 23:49:49.146923",
            "duration": "23:49:07.742923",
            "duration_seconds": 85747.742923
        },
        "20": {
            "first_timestamp": "1970-01-01 00:11:28.491377",
            "last_timestamp": "1970-01-01 00:48:55.004000",
            "duration": "0:37:26.512623",
            "duration_seconds": 2246.512623
        }
    },
    "9636": {
        "2": {
            "first_timestamp": "1970-01-01 17:26:04.804000",
            "last_timestamp": "1970-01-01 18:22:54.351464",
            "duration": "0:56:49.547464",
            "duration_seconds": 3409.547464
        },
        "3": {
            "first_timestamp": "1970-01-01 18:41:51.505055",
            "last_timestamp": "1970-01-01 19:06:03.994331",
            "duration": "0:24:12.489276",
            "duration_seconds": 1452.489276
        },
        "5": {
            "first_timestamp": "1970-01-01 19:18:31.741222",
            "last_timestamp": "1970-01-01 19:44:11.737373",
            "duration": "0:25:39.996151",
            "duration_seconds": 1539.996151
        },
        "9": {
            "first_timestamp": "1970-01-01 21:00:16.691886",
            "last_timestamp": "1970-01-01 21:09:51.696169",
            "duration": "0:09:35.004283",
            "duration_seconds": 575.004283
        },
        "10": {
            "first_timestamp": "1970-01-01 22:06:03.992503",
            "last_timestamp": "1970-01-01 22:29:23.746375",
            "duration": "0:23:19.753872",
            "duration_seconds": 1399.753872
        },
        "11": {
            "first_timestamp": "1970-01-01 21:28:13.293293",
            "last_timestamp": "1970-01-01 21:31:36.645000",
            "duration": "0:03:23.351707",
            "duration_seconds": 203.351707
        },
        "13": {
            "first_timestamp": "1970-01-01 22:37:18.048955",
            "last_timestamp": "1970-01-01 22:45:22.022283",
            "duration": "0:08:03.973328",
            "duration_seconds": 483.973328
        },
        "14": {
            "first_timestamp": "1970-01-01 22:56:34.867987",
            "last_timestamp": "1970-01-01 23:12:26.342678",
            "duration": "0:15:51.474691",
            "duration_seconds": 951.474691
        },
        "15": {
            "first_timestamp": "1970-01-01 23:25:12.546588",
            "last_timestamp": "1970-01-01 23:47:43.048930",
            "duration": "0:22:30.502342",
            "duration_seconds": 1350.502342
        },
        "20": {
            "first_timestamp": "1970-01-01 00:44:10.169379",
            "last_timestamp": "1970-01-01 01:03:49.205000",
            "duration": "0:19:39.035621",
            "duration_seconds": 1179.035621
        },
        "23": {
            "first_timestamp": "1970-01-01 00:11:47.052063",
            "last_timestamp": "1970-01-01 00:35:01.859901",
            "duration": "0:23:14.807838",
            "duration_seconds": 1394.807838
        }
    }
}