[{"subject_id":293,"trial_id":2,"switch_count":16,"error_count":36,"total_count":686,"percentage_error":5.2478134111},{"subject_id":293,"trial_id":11,"switch_count":21,"error_count":17,"total_count":538,"percentage_error":3.1598513011},{"subject_id":293,"trial_id":13,"switch_count":9,"error_count":5,"total_count":46,"percentage_error":10.8695652174},{"subject_id":293,"trial_id":16,"switch_count":21,"error_count":23,"total_count":571,"percentage_error":4.0280210158},{"subject_id":293,"trial_id":19,"switch_count":22,"error_count":16,"total_count":495,"percentage_error":3.2323232323},{"subject_id":293,"trial_id":27,"switch_count":20,"error_count":9,"total_count":335,"percentage_error":2.6865671642},{"subject_id":293,"trial_id":33,"switch_count":21,"error_count":4,"total_count":320,"percentage_error":1.25},{"subject_id":4352,"trial_id":2,"switch_count":34,"error_count":34,"total_count":628,"percentage_error":5.4140127389},{"subject_id":4352,"trial_id":4,"switch_count":22,"error_count":44,"total_count":358,"percentage_error":12.2905027933},{"subject_id":4352,"trial_id":8,"switch_count":15,"error_count":15,"total_count":76,"percentage_error":19.7368421053},{"subject_id":4352,"trial_id":20,"switch_count":10,"error_count":64,"total_count":513,"percentage_error":12.4756335283},{"subject_id":5482,"trial_id":2,"switch_count":58,"error_count":31,"total_count":519,"percentage_error":5.9730250482},{"subject_id":7921,"trial_id":2,"switch_count":8,"error_count":18,"total_count":332,"percentage_error":5.421686747},{"subject_id":7921,"trial_id":6,"switch_count":29,"error_count":0,"total_count":403,"percentage_error":0.0},{"subject_id":7921,"trial_id":8,"switch_count":12,"error_count":4,"total_count":74,"percentage_error":5.4054054054},{"subject_id":7921,"trial_id":15,"switch_count":28,"error_count":4,"total_count":483,"percentage_error":0.8281573499},{"subject_id":7921,"trial_id":17,"switch_count":32,"error_count":6,"total_count":447,"percentage_error":1.3422818792},{"subject_id":7921,"trial_id":20,"switch_count":34,"error_count":3,"total_count":799,"percentage_error":0.3754693367},{"subject_id":7921,"trial_id":24,"switch_count":37,"error_count":5,"total_count":352,"percentage_error":1.4204545455},{"subject_id":8101,"trial_id":2,"switch_count":23,"error_count":12,"total_count":439,"percentage_error":2.7334851936},{"subject_id":8101,"trial_id":7,"switch_count":25,"error_count":6,"total_count":473,"percentage_error":1.2684989429},{"subject_id":8101,"trial_id":12,"switch_count":30,"error_count":2,"total_count":1090,"percentage_error":0.1834862385},{"subject_id":8101,"trial_id":13,"switch_count":14,"error_count":0,"total_count":77,"percentage_error":0.0},{"subject_id":8101,"trial_id":16,"switch_count":37,"error_count":4,"total_count":503,"percentage_error":0.7952286282},{"subject_id":8101,"trial_id":31,"switch_count":30,"error_count":5,"total_count":583,"percentage_error":0.8576329331},{"subject_id":8708,"trial_id":2,"switch_count":36,"error_count":121,"total_count":526,"percentage_error":23.0038022814},{"subject_id":8708,"trial_id":4,"switch_count":5,"error_count":0,"total_count":95,"percentage_error":0.0},{"subject_id":8708,"trial_id":20,"switch_count":31,"error_count":47,"total_count":431,"percentage_error":10.9048723898},{"subject_id":9636,"trial_id":2,"switch_count":94,"error_count":98,"total_count":673,"percentage_error":14.5616641902},{"subject_id":9636,"trial_id":3,"switch_count":74,"error_count":43,"total_count":576,"percentage_error":7.4652777778},{"subject_id":9636,"trial_id":5,"switch_count":42,"error_count":47,"total_count":651,"percentage_error":7.2196620584},{"subject_id":9636,"trial_id":10,"switch_count":101,"error_count":62,"total_count":1016,"percentage_error":6.1023622047},{"subject_id":9636,"trial_id":11,"switch_count":15,"error_count":26,"total_count":93,"percentage_error":27.9569892473},{"subject_id":9636,"trial_id":13,"switch_count":22,"error_count":116,"total_count":262,"percentage_error":44.2748091603},{"subject_id":9636,"trial_id":15,"switch_count":30,"error_count":41,"total_count":1245,"percentage_error":3.2931726908},{"subject_id":9636,"trial_id":20,"switch_count":36,"error_count":183,"total_count":841,"percentage_error":21.7598097503},{"subject_id":9636,"trial_id":23,"switch_count":69,"error_count":54,"total_count":679,"percentage_error":7.9528718704}]